{
    "loss": 0.08941514790058136,
    "accuracy": 0.9568345546722412
}