{
    "loss": 0.2164037823677063,
    "accuracy": 0.9280575513839722
}